{"$types":{"UnrealBuildTool.EncryptionAndSigning+CryptoSettings, UnrealBuildTool, Version=4.0.0.0, Culture=neutral, PublicKeyToken=null":"1","UnrealBuildTool.EncryptionAndSigning+EncryptionKey, UnrealBuildTool, Version=4.0.0.0, Culture=neutral, PublicKeyToken=null":"2"},"$type":"1","EncryptionKey":{"$type":"2","Name":null,"Guid":null,"Key":null},"SigningKey":null,"bEnablePakSigning":false,"bEnablePakIndexEncryption":false,"bEnablePakIniEncryption":false,"bEnablePakUAssetEncryption":false,"bEnablePakFullAssetEncryption":false,"bDataCryptoRequired":true,"PakEncryptionRequired":true,"PakSigningRequired":true,"SecondaryEncryptionKeys":null}